symbol,trade_id,entry_time,exit_time,duration_days,entry_price,exit_price,stop_loss,sl_distance_pct,atr_at_entry,direction,exit_reason,gross_return_pct,net_return_pct,is_win,m_ready,m_direction,m_compressed,m_mba_low,m_mba_high,m_continuity,w_ready,w_direction,w_compressed,w_mba_low,w_mba_high,w_continuity,d_ready,d_direction,d_compressed,d_mba_low,d_mba_high,d_continuity,alignment_summary,equity_before,equity_after,btc_regime
EURUSDm,1,2023-09-27,2023-10-31,34,1.05049,1.05776,1.06984,1.84,0.00645,bearish,direction_flip,-0.6921,-0.7021,False,True,bearish,True,1.049,1.081,1,True,bearish,True,1.0635,1.07,1,True,bearish,True,1.0562,1.0608,1,[V3:balance_aligned] READY (BEARISH),1.0,0.992979,
EURUSDm,2,2024-03-27,2024-05-28,62,1.0812,1.08509,1.09686214,1.45,0.00522071,bearish,direction_flip,-0.3598,-0.3698,False,True,bearish,True,1.076,1.098,1,True,bearish,True,1.084,1.0905,1,True,bearish,True,1.0828,1.085,1,[V3:balance_aligned] READY (BEARISH),0.992979,0.989308,
EURUSDm,3,2024-08-06,2024-10-01,56,1.09255,1.10642,1.07557429,1.55,0.00565857,bullish,direction_flip,1.2695,1.2595,True,True,bullish,True,1.071,1.095,1,True,bullish,True,1.08,1.085,1,True,bullish,True,1.089,1.101,1,[V3:balance_aligned] READY (BULLISH),0.989308,1.001768,
EURUSDm,4,2024-10-03,2025-04-01,180,1.10346,1.07941,1.125705,2.02,0.007415,bearish,direction_flip,2.1795,2.1695,True,True,bearish,True,1.104,1.117,1,True,bearish,True,1.1085,1.1215,2,True,bearish,True,1.1033,1.1082,1,[V3:balance_aligned] READY (BEARISH),1.001768,1.023501,
EURUSDm,5,2025-05-02,2025-05-27,25,1.12998,1.13366,1.16106,2.75,0.01036,bearish,direction_flip,-0.3257,-0.3357,False,True,bearish,True,1.09,1.157,1,True,bearish,True,1.132,1.146,1,True,bearish,True,1.1285,1.1325,1,[V3:balance_aligned] READY (BEARISH),1.023501,1.020066,
EURUSDm,6,2025-06-10,2026-02-23,258,1.1437,1.18328,1.11617714,2.41,0.00917429,bullish,end_of_backtest,3.4607,3.4507,True,True,bullish,True,1.106,1.142,1,True,bullish,True,1.1345,1.1495,1,True,bullish,True,1.1387,1.1438,2,[V3:balance_aligned] READY (BULLISH),1.020066,1.055265,
GBPUSDm,1,2023-05-08,2023-05-30,22,1.2612,1.24118,1.234575,2.11,0.008875,bullish,direction_flip,-1.5874,-1.5974,False,True,bullish,True,1.227,1.258,1,True,bullish,True,1.244,1.265,1,True,bullish,True,1.258,1.263,1,[V3:balance_aligned] READY (BULLISH),1.0,0.984026,
GBPUSDm,2,2023-07-06,2023-08-01,26,1.27413,1.27941,1.24860429,2.0,0.00850857,bullish,direction_flip,0.4144,0.4044,True,True,bullish,True,1.25,1.275,1,True,bullish,True,1.259,1.276,1,True,bullish,True,1.2692,1.2723,1,[V3:balance_aligned] READY (BULLISH),0.984026,0.988006,
GBPUSDm,3,2023-08-15,2023-10-31,77,1.26996,1.215,1.30153714,2.49,0.01052571,bearish,direction_flip,4.3277,4.3177,True,True,bearish,True,1.272,1.3,1,True,bearish,True,1.262,1.287,1,True,bearish,True,1.2615,1.2715,1,[V3:balance_aligned] READY (BEARISH),0.988006,1.030665,
GBPUSDm,4,2024-01-31,2024-02-27,27,1.26789,1.26798,1.29038571,1.77,0.00749857,bearish,direction_flip,-0.0071,-0.0171,False,True,bearish,True,1.259,1.276,1,True,bearish,True,1.265,1.2775,1,True,bearish,True,1.264,1.272,1,[V3:balance_aligned] READY (BEARISH),1.030665,1.030488,
GBPUSDm,5,2024-03-27,2024-07-30,125,1.26163,1.28372,1.28341643,1.73,0.00726214,bearish,direction_flip,-1.7509,-1.7609,False,True,bearish,True,1.257,1.289,1,True,bearish,True,1.266,1.275,1,True,bearish,True,1.2625,1.265,2,[V3:balance_aligned] READY (BEARISH),1.030488,1.012343,
GBPUSDm,6,2025-02-10,2025-02-25,15,1.23591,1.26714,1.26642,2.47,0.01017,bearish,direction_flip,-2.5269,-2.5369,False,True,bearish,True,1.21,1.258,1,True,bearish,True,1.225,1.255,1,True,bearish,True,1.2375,1.2495,2,[V3:balance_aligned] READY (BEARISH),1.012343,0.986661,
GBPUSDm,7,2025-02-26,2025-04-01,34,1.26802,1.29212,1.24254786,2.01,0.00849071,bullish,direction_flip,1.9006,1.8906,True,True,bullish,True,1.225,1.272,1,True,bullish,True,1.2575,1.2635,1,True,bullish,True,1.2615,1.2665,1,[V3:balance_aligned] READY (BULLISH),0.986661,1.005314,
GBPUSDm,8,2025-06-10,2025-07-29,49,1.3507,1.33531,1.32510357,1.9,0.00853214,bullish,direction_flip,-1.1394,-1.1494,False,True,bullish,True,1.315,1.36,1,True,bullish,True,1.344,1.3615,1,True,bullish,True,1.3505,1.3585,1,[V3:balance_aligned] READY (BULLISH),1.005314,0.993759,
GBPUSDm,9,2025-12-19,2026-02-23,66,1.33747,1.35317,1.31501929,1.68,0.00748357,bullish,end_of_backtest,1.1739,1.1639,True,True,bullish,True,1.301,1.327,1,True,bullish,True,1.3285,1.344,1,True,bullish,True,1.334,1.3445,1,[V3:balance_aligned] READY (BULLISH),0.993759,1.005325,
USDJPYm,1,2023-08-28,2023-12-26,120,146.458,142.399,143.49528571,2.02,0.98757143,bullish,direction_flip,-2.7714,-2.7814,False,True,bullish,True,137.2,145.0,1,True,bullish,True,145.2,146.3,2,True,bullish,True,145.7,146.65,1,[V3:balance_aligned] READY (BULLISH),1.0,0.972186,
USDJPYm,2,2024-01-01,2024-02-27,57,140.952,150.465,145.11942857,2.96,1.38914286,bearish,direction_flip,-6.7491,-6.7591,False,True,bearish,True,140.2,147.5,1,True,bearish,True,140.2,142.8,1,True,bearish,True,141.0,141.65,1,[V3:balance_aligned] READY (BEARISH),0.972186,0.906475,
USDJPYm,3,2025-06-19,2025-07-01,12,145.23,143.37,149.26778571,2.78,1.34592857,bearish,direction_flip,1.2807,1.2707,True,True,bearish,True,142.5,145.5,2,True,bearish,True,142.8,145.5,1,True,bearish,True,144.35,145.45,2,[V3:balance_aligned] READY (BEARISH),0.906475,0.917993,
USDJPYm,4,2025-07-29,2025-08-26,28,148.422,147.469,144.62185714,2.56,1.26671429,bullish,direction_flip,-0.6421,-0.6521,False,True,bullish,True,144.2,151.0,1,True,bullish,True,145.9,148.7,1,True,bullish,True,147.5,148.65,1,[V3:balance_aligned] READY (BULLISH),0.917993,0.912007,
USDJPYm,5,2025-08-28,2025-09-30,33,146.828,148.021,150.18628571,2.29,1.11942857,bearish,direction_flip,-0.8125,-0.8225,False,True,bearish,True,146.2,148.8,2,True,bearish,True,146.6,148.8,2,True,bearish,True,147.4,147.95,1,[V3:balance_aligned] READY (BEARISH),0.912007,0.904506,
AUDUSDm,1,2021-08-05,2021-08-31,26,0.74022,0.7317,0.75743786,2.33,0.00573929,bearish,direction_flip,1.151,1.141,True,True,bearish,True,0.729,0.76,1,True,bearish,True,0.7315,0.7415,2,True,bearish,True,0.7388,0.7422,1,[V3:balance_aligned] READY (BEARISH),1.0,1.01141,
AUDUSDm,2,2022-02-21,2022-05-31,99,0.71833,0.71819,0.73768,2.69,0.00645,bearish,direction_flip,0.0195,0.0095,True,True,bearish,True,0.697,0.731,2,True,bearish,True,0.7085,0.7225,1,True,bearish,True,0.7165,0.7228,1,[V3:balance_aligned] READY (BEARISH),1.01141,1.011506,
AUDUSDm,3,2022-12-27,2023-04-25,119,0.67281,0.66356,0.645705,4.03,0.009035,bullish,direction_flip,-1.3748,-1.3848,False,True,bullish,True,0.663,0.689,2,True,bullish,True,0.663,0.6765,1,True,bullish,True,0.668,0.6775,1,[V3:balance_aligned] READY (BULLISH),1.011506,0.997498,
AUDUSDm,4,2023-08-07,2023-08-29,22,0.65716,0.64753,0.68018286,3.5,0.00767429,bearish,direction_flip,1.4654,1.4554,True,True,bearish,True,0.652,0.69,2,True,bearish,True,0.651,0.674,1,True,bearish,True,0.6552,0.6588,1,[V3:balance_aligned] READY (BEARISH),0.997498,1.012016,
AUDUSDm,5,2024-04-01,2024-04-30,29,0.64866,0.64741,0.66322929,2.25,0.00485643,bearish,direction_flip,0.1927,0.1827,True,True,bearish,True,0.651,0.662,1,True,bearish,True,0.6485,0.6558,2,True,bearish,True,0.6498,0.6528,1,[V3:balance_aligned] READY (BEARISH),1.012016,1.013865,
AUDUSDm,6,2024-05-09,2025-02-25,292,0.66159,0.63508,0.644265,2.62,0.005775,bullish,direction_flip,-4.007,-4.017,False,True,bullish,True,0.645,0.659,1,True,bullish,True,0.6505,0.6575,1,True,bullish,True,0.6558,0.6593,1,[V3:balance_aligned] READY (BULLISH),1.013865,0.973138,
AUDUSDm,7,2025-04-03,2025-07-01,89,0.63255,0.6579,0.65190429,3.06,0.00645143,bearish,direction_flip,-4.0076,-4.0176,False,True,bearish,True,0.625,0.638,2,True,bearish,True,0.6258,0.633,2,True,bearish,True,0.6225,0.634,1,[V3:balance_aligned] READY (BEARISH),0.973138,0.934041,
AUDUSDm,8,2025-09-11,2025-09-30,19,0.66649,0.66103,0.65211357,2.16,0.00479214,bullish,direction_flip,-0.8192,-0.8292,False,True,bullish,True,0.6415,0.657,3,True,bullish,True,0.6485,0.659,1,True,bullish,True,0.658,0.6635,1,[V3:balance_aligned] READY (BULLISH),0.934041,0.926296,
USDCADm,1,2021-08-13,2021-08-31,18,1.25144,1.26156,1.23154143,1.59,0.00663286,bullish,direction_flip,0.8087,0.7987,True,True,bullish,True,1.23,1.28,1,True,bullish,True,1.2495,1.2555,1,True,bullish,True,1.2495,1.2532,1,[V3:balance_aligned] READY (BULLISH),1.0,1.007987,
USDCADm,2,2023-08-21,2024-04-30,253,1.35453,1.37768,1.33454571,1.48,0.00666143,bullish,direction_flip,1.7091,1.6991,True,True,bullish,True,1.315,1.33,2,True,bullish,True,1.343,1.3575,1,True,bullish,True,1.3522,1.3575,1,[V3:balance_aligned] READY (BULLISH),1.007987,1.025113,
USDCADm,3,2024-05-09,2024-10-01,145,1.3677,1.34944,1.38861214,1.53,0.00697071,bearish,direction_flip,1.3351,1.3251,True,True,bearish,True,1.348,1.384,1,True,bearish,True,1.3635,1.373,1,True,bearish,True,1.372,1.375,1,[V3:balance_aligned] READY (BEARISH),1.025113,1.038697,
USDCADm,4,2024-10-07,2024-11-26,50,1.362,1.40519,1.341975,1.47,0.006675,bullish,direction_flip,3.1711,3.1611,True,True,bullish,True,1.342,1.365,2,True,bullish,True,1.347,1.359,1,True,bullish,True,1.3545,1.359,1,[V3:balance_aligned] READY (BULLISH),1.038697,1.071531,
USDCADm,5,2024-11-28,2025-01-28,61,1.40073,1.44021,1.42456071,1.7,0.00794357,bearish,direction_flip,-2.8185,-2.8285,False,True,bearish,True,1.382,1.418,1,True,bearish,True,1.393,1.41,2,True,bearish,True,1.4007,1.4078,1,[V3:balance_aligned] READY (BEARISH),1.071531,1.041222,
USDCADm,6,2025-07-11,2025-07-29,18,1.36901,1.37741,1.391195,1.62,0.007395,bearish,direction_flip,-0.6136,-0.6236,False,True,bearish,True,1.354,1.38,1,True,bearish,True,1.3555,1.37,1,True,bearish,True,1.365,1.3708,1,[V3:balance_aligned] READY (BEARISH),1.041222,1.034729,
USDCADm,7,2025-08-19,2026-02-23,188,1.38661,1.36488,1.37060929,1.15,0.00533357,bullish,end_of_backtest,-1.5671,-1.5771,False,True,bullish,True,1.358,1.388,2,True,bullish,True,1.3753,1.3798,1,True,bullish,True,1.3782,1.383,2,[V3:balance_aligned] READY (BULLISH),1.034729,1.01841,
USDCHFm,1,2021-09-03,2021-09-28,25,0.91385,0.92916,0.92994071,1.76,0.00536357,bearish,direction_flip,-1.6753,-1.6853,False,True,bearish,True,0.902,0.924,3,True,bearish,True,0.91,0.9205,1,True,bearish,True,0.9145,0.9175,1,[V3:balance_aligned] READY (BEARISH),1.0,0.983147,
USDCHFm,2,2021-12-21,2021-12-28,7,0.923,0.91711,0.90489929,1.96,0.00603357,bullish,direction_flip,-0.6381,-0.6481,False,True,bullish,True,0.908,0.937,3,True,bullish,True,0.9175,0.9295,1,True,bullish,True,0.9193,0.925,2,[V3:balance_aligned] READY (BULLISH),0.983147,0.976775,
USDCHFm,3,2022-01-05,2022-09-27,265,0.91735,0.99171,0.93355,1.77,0.0054,bearish,direction_flip,-8.106,-8.116,False,True,bearish,True,0.91,0.929,4,True,bearish,True,0.914,0.919,1,True,bearish,True,0.9125,0.919,1,[V3:balance_aligned] READY (BEARISH),0.976775,0.8975,
USDCHFm,4,2022-10-10,2022-11-29,50,0.99946,0.95449,0.96103,3.85,0.01281,bullish,direction_flip,-4.4994,-4.5094,False,True,bullish,True,0.948,0.998,1,True,bullish,True,0.976,0.9915,1,True,bullish,True,0.989,0.994,1,[V3:balance_aligned] READY (BULLISH),0.8975,0.857028,
USDCHFm,5,2022-12-13,2023-01-31,49,0.92902,0.91635,0.95613143,2.92,0.00903714,bearish,direction_flip,1.3638,1.3538,True,True,bearish,True,0.94,0.955,1,True,bearish,True,0.931,0.9455,2,True,bearish,True,0.9333,0.9367,1,[V3:balance_aligned] READY (BEARISH),0.857028,0.86863,
USDCHFm,6,2023-06-07,2023-06-27,20,0.90953,0.89372,0.89094286,2.04,0.00619571,bullish,direction_flip,-1.7383,-1.7483,False,True,bullish,True,0.882,0.915,1,True,bullish,True,0.9015,0.9145,1,True,bullish,True,0.9032,0.9098,2,[V3:balance_aligned] READY (BULLISH),0.86863,0.853444,
USDCHFm,7,2023-06-28,2023-08-29,62,0.8967,0.87892,0.91728643,2.3,0.00686214,bearish,direction_flip,1.9828,1.9728,True,True,bearish,True,0.882,0.915,1,True,bearish,True,0.8905,0.9015,2,True,bearish,True,0.8922,0.897,1,[V3:balance_aligned] READY (BEARISH),0.853444,0.870281,
USDCHFm,8,2023-09-05,2024-06-25,294,0.88939,0.89525,0.87196,1.96,0.00581,bullish,direction_flip,0.6589,0.6489,True,True,bullish,True,0.869,0.8875,1,True,bullish,True,0.8765,0.884,1,True,bullish,True,0.8837,0.8848,1,[V3:balance_aligned] READY (BULLISH),0.870281,0.875928,
USDCHFm,9,2025-04-21,2025-04-29,8,0.80907,0.82325,0.85649571,5.86,0.01580857,bearish,direction_flip,-1.7526,-1.7626,False,True,bearish,True,0.848,0.902,1,True,bearish,True,0.8135,0.8205,1,True,bearish,True,0.815,0.8195,2,[V3:balance_aligned] READY (BEARISH),0.875928,0.860489,
USDCHFm,10,2025-05-07,2025-05-27,20,0.82408,0.82714,0.79693429,3.29,0.00904857,bullish,direction_flip,0.3713,0.3613,True,True,bullish,True,0.805,0.868,1,True,bullish,True,0.8195,0.8335,2,True,bullish,True,0.822,0.8253,1,[V3:balance_aligned] READY (BULLISH),0.860489,0.863598,
USDCHFm,11,2025-08-14,2025-08-26,12,0.80756,0.8038,0.78773214,2.46,0.00660929,bullish,direction_flip,-0.4656,-0.4756,False,True,bullish,True,0.793,0.802,1,True,bullish,True,0.802,0.8115,2,True,bullish,True,0.8023,0.8073,1,[V3:balance_aligned] READY (BULLISH),0.863598,0.859491,
USDCHFm,12,2025-08-27,2025-10-28,62,0.80153,0.79282,0.81811143,2.07,0.00552714,bearish,direction_flip,1.0867,1.0767,True,True,bearish,True,0.798,0.813,1,True,bearish,True,0.8,0.8105,4,True,bearish,True,0.8005,0.8095,1,[V3:balance_aligned] READY (BEARISH),0.859491,0.868745,
USDCHFm,13,2025-11-10,2025-11-25,15,0.80515,0.80788,0.79163714,1.68,0.00450429,bullish,direction_flip,0.3391,0.3291,True,True,bullish,True,0.787,0.808,2,True,bullish,True,0.803,0.8125,1,True,bullish,True,0.8037,0.807,1,[V3:balance_aligned] READY (BULLISH),0.868745,0.871604,
NZDUSDm,1,2023-07-05,2023-08-01,27,0.6176,0.61383,0.60029429,2.8,0.00576857,bullish,direction_flip,-0.6104,-0.6204,False,True,bullish,True,0.603,0.625,4,True,bullish,True,0.605,0.62,1,True,bullish,True,0.614,0.621,1,[V3:balance_aligned] READY (BULLISH),1.0,0.993796,
NZDUSDm,2,2023-08-10,2023-09-26,47,0.60108,0.59463,0.62113929,3.34,0.00668643,bearish,direction_flip,1.0731,1.0631,True,True,bearish,True,0.606,0.641,1,True,bearish,True,0.606,0.6225,1,True,bearish,True,0.6038,0.6095,1,[V3:balance_aligned] READY (BEARISH),0.993796,1.00436,
NZDUSDm,3,2023-10-05,2025-07-29,663,0.59657,0.59536,0.58022643,2.74,0.00544786,bullish,direction_flip,-0.2028,-0.2128,False,True,bullish,True,0.586,0.605,2,True,bullish,True,0.59,0.605,1,True,bullish,True,0.5893,0.5917,1,[V3:balance_aligned] READY (BULLISH),1.00436,1.002223,
NZDUSDm,4,2025-08-18,2026-02-23,189,0.59223,0.60028,0.60671786,2.45,0.00482929,bearish,end_of_backtest,-1.3593,-1.3693,False,True,bearish,True,0.594,0.603,1,True,bearish,True,0.5855,0.603,1,True,bearish,True,0.5907,0.5938,2,[V3:balance_aligned] READY (BEARISH),1.002223,0.9885,
EURGBPm,1,2021-07-06,2022-02-01,210,0.85636,0.83329,0.86838786,1.4,0.00400929,bearish,direction_flip,2.694,2.684,True,True,bearish,True,0.853,0.864,2,True,bearish,True,0.8575,0.8605,1,True,bearish,True,0.8559,0.8582,1,[V3:balance_aligned] READY (BEARISH),1.0,1.02684,
EURGBPm,2,2022-06-27,2022-07-26,29,0.86241,0.84145,0.83883643,2.73,0.00785786,bullish,direction_flip,-2.4304,-2.4404,False,True,bullish,True,0.837,0.862,1,True,bullish,True,0.856,0.864,2,True,bullish,True,0.8573,0.8595,1,[V3:balance_aligned] READY (BULLISH),1.02684,1.001781,
EURGBPm,3,2022-08-15,2022-08-30,15,0.84275,0.85969,0.85728929,1.73,0.00484643,bearish,direction_flip,-2.0101,-2.0201,False,True,bearish,True,0.835,0.863,1,True,bearish,True,0.841,0.8493,1,True,bearish,True,0.8445,0.8493,1,[V3:balance_aligned] READY (BEARISH),1.001781,0.981544,
EURGBPm,4,2022-09-21,2022-09-27,6,0.87326,0.89449,0.85503929,2.09,0.00607357,bullish,direction_flip,2.4311,2.4211,True,True,bullish,True,0.834,0.868,1,True,bullish,True,0.8625,0.8785,2,True,bullish,True,0.8722,0.8782,1,[V3:balance_aligned] READY (BULLISH),0.981544,1.005308,
EURGBPm,5,2023-02-03,2023-02-28,25,0.89545,0.87877,0.87562429,2.21,0.00660857,bullish,direction_flip,-1.8628,-1.8728,False,True,bullish,True,0.872,0.898,1,True,bullish,True,0.8735,0.8845,1,True,bullish,True,0.8885,0.8915,1,[V3:balance_aligned] READY (BULLISH),1.005308,0.986481,
EURGBPm,6,2023-03-17,2023-08-01,137,0.87548,0.86024,0.89441214,2.16,0.00631071,bearish,direction_flip,1.7408,1.7308,True,True,bearish,True,0.875,0.896,2,True,bearish,True,0.8855,0.8915,1,True,bearish,True,0.8745,0.882,2,[V3:balance_aligned] READY (BEARISH),0.986481,1.003555,
EURGBPm,7,2023-08-28,2023-08-29,1,0.85835,0.86011,0.845585,1.49,0.004255,bullish,direction_flip,0.205,0.195,True,True,bullish,True,0.85,0.87,2,True,bullish,True,0.852,0.8595,1,True,bullish,True,0.856,0.8585,1,[V3:balance_aligned] READY (BULLISH),1.003555,1.005512,
EURGBPm,8,2023-09-08,2023-10-31,53,0.85819,0.87055,0.86977643,1.35,0.00386214,bearish,direction_flip,-1.4402,-1.4502,False,True,bearish,True,0.849,0.867,3,True,bearish,True,0.8565,0.8598,1,True,bearish,True,0.8575,0.859,1,[V3:balance_aligned] READY (BEARISH),1.005512,0.99093,
EURGBPm,9,2023-11-16,2024-01-30,75,0.87399,0.85391,0.86238214,1.33,0.00386929,bullish,direction_flip,-2.2975,-2.3075,False,True,bullish,True,0.8615,0.8755,1,True,bullish,True,0.865,0.8755,2,True,bullish,True,0.8705,0.873,1,[V3:balance_aligned] READY (BULLISH),0.99093,0.968064,
EURGBPm,10,2024-03-07,2024-11-26,264,0.85437,0.8342,0.84699,0.86,0.00246,bullish,direction_flip,-2.3608,-2.3708,False,True,bullish,True,0.8533,0.857,3,True,bullish,True,0.8523,0.8575,2,True,bullish,True,0.8543,0.8558,1,[V3:balance_aligned] READY (BULLISH),0.968064,0.945113,
EURGBPm,11,2024-12-02,2025-04-01,120,0.82936,0.83531,0.84093143,1.4,0.00385714,bearish,direction_flip,-0.7174,-0.7274,False,True,bearish,True,0.826,0.842,2,True,bearish,True,0.83,0.8365,2,True,bearish,True,0.8305,0.8323,1,[V3:balance_aligned] READY (BEARISH),0.945113,0.938238,
EURGBPm,12,2025-05-01,2025-05-27,26,0.85021,0.83884,0.86699929,1.97,0.00559643,bearish,direction_flip,1.3373,1.3273,True,True,bearish,True,0.85,0.863,1,True,bearish,True,0.851,0.8625,3,True,bearish,True,0.8483,0.8538,1,[V3:balance_aligned] READY (BEARISH),0.938238,0.950692,
EURGBPm,13,2025-10-28,2025-11-25,28,0.87784,0.87875,0.866875,1.25,0.003655,bullish,direction_flip,0.1037,0.0937,True,True,bullish,True,0.8655,0.8815,1,True,bullish,True,0.867,0.8748,1,True,bullish,True,0.871,0.8733,1,[V3:balance_aligned] READY (BULLISH),0.950692,0.951582,
EURGBPm,14,2025-12-22,2026-02-23,63,0.87331,0.87426,0.88340071,1.16,0.00336357,bearish,end_of_backtest,-0.1088,-0.1188,False,True,bearish,True,0.874,0.8865,1,True,bearish,True,0.8752,0.8782,1,True,bearish,True,0.8753,0.8761,1,[V3:balance_aligned] READY (BEARISH),0.951582,0.950452,
EURJPYm,1,2021-07-27,2021-09-28,63,129.79,130.325,127.51214286,1.76,0.75928571,bullish,direction_flip,0.4122,0.4022,True,True,bullish,True,128.6,131.9,1,True,bullish,True,128.6,130.3,1,True,bullish,True,129.35,130.2,1,[V3:balance_aligned] READY (BULLISH),1.0,1.004022,
EURJPYm,2,2022-08-31,2022-11-29,90,139.856,143.234,135.57371429,3.06,1.42742857,bullish,direction_flip,2.4153,2.4053,True,True,bullish,True,133.5,140.8,1,True,bullish,True,135.8,137.7,1,True,bullish,True,138.25,139.2,1,[V3:balance_aligned] READY (BULLISH),1.004022,1.028172,
EURJPYm,3,2022-12-01,2023-01-31,61,142.277,141.304,146.53185714,2.99,1.41828571,bearish,direction_flip,0.6839,0.6739,True,True,bearish,True,140.8,147.0,2,True,bearish,True,143.6,146.1,3,True,bearish,True,143.3,143.8,1,[V3:balance_aligned] READY (BEARISH),1.028172,1.035101,
EURJPYm,4,2023-02-09,2023-05-30,110,141.232,150.013,137.32942857,2.76,1.30085714,bullish,direction_flip,6.2174,6.2074,True,True,bullish,True,138.8,141.8,1,True,bullish,True,139.9,142.3,2,True,bullish,True,140.5,140.9,1,[V3:balance_aligned] READY (BULLISH),1.035101,1.099354,
EURJPYm,5,2024-10-14,2025-01-28,106,163.322,162.198,157.64407143,3.48,1.89264286,bullish,direction_flip,-0.6882,-0.6982,False,True,bullish,True,157.8,162.5,1,True,bullish,True,162.35,163.3,1,True,bullish,True,162.3,163.4,2,[V3:balance_aligned] READY (BULLISH),1.099354,1.091678,
EURJPYm,6,2025-02-26,2025-04-29,62,156.135,161.963,161.02264286,3.13,1.62921429,bearish,direction_flip,-3.7327,-3.7427,False,True,bearish,True,154.8,161.2,1,True,bearish,True,155.8,159.8,1,True,bearish,True,156.25,158.0,1,[V3:balance_aligned] READY (BEARISH),1.091678,1.05082,
EURJPYm,7,2025-05-07,2025-07-29,83,162.603,171.431,158.89885714,2.28,1.23471429,bullish,direction_flip,5.4292,5.4192,True,True,bullish,True,159.2,164.5,1,True,bullish,True,161.8,163.5,1,True,bullish,True,161.6,162.95,1,[V3:balance_aligned] READY (BULLISH),1.05082,1.107766,
EURJPYm,8,2025-09-05,2026-02-23,171,172.69,182.628,170.13935714,1.48,0.85021429,bullish,end_of_backtest,5.7548,5.7448,True,True,bullish,True,169.8,173.0,2,True,bullish,True,171.1,172.65,1,True,bullish,True,172.45,173.2,2,[V3:balance_aligned] READY (BULLISH),1.107766,1.171405,
EURAUDm,1,2021-10-05,2022-03-29,175,1.59097,1.47587,1.62777357,2.31,0.01226786,bearish,direction_flip,7.2346,7.2246,True,True,bearish,True,1.591,1.623,2,True,bearish,True,1.594,1.618,1,True,bearish,True,1.591,1.601,2,[V3:balance_aligned] READY (BEARISH),1.0,1.072246,
EURAUDm,2,2022-06-01,2022-06-28,27,1.48508,1.52409,1.52576643,2.74,0.01356214,bearish,direction_flip,-2.6268,-2.6368,False,True,bearish,True,1.46,1.528,1,True,bearish,True,1.488,1.52,1,True,bearish,True,1.4875,1.499,1,[V3:balance_aligned] READY (BEARISH),1.072246,1.043973,
EURAUDm,3,2022-06-29,2022-07-26,27,1.51859,1.45818,1.46856929,3.29,0.01667357,bullish,direction_flip,-3.978,-3.988,False,True,bullish,True,1.475,1.54,2,True,bullish,True,1.505,1.534,1,True,bullish,True,1.516,1.5295,1,[V3:balance_aligned] READY (BULLISH),1.043973,1.002339,
EURAUDm,4,2022-07-28,2022-09-27,61,1.45653,1.49116,1.49624786,2.73,0.01323929,bearish,direction_flip,-2.3776,-2.3876,False,True,bearish,True,1.45,1.535,1,True,bearish,True,1.476,1.489,1,True,bearish,True,1.4545,1.467,1,[V3:balance_aligned] READY (BEARISH),1.002339,0.978407,
EURAUDm,5,2022-10-10,2023-01-31,113,1.54234,1.54009,1.48490714,3.72,0.01914429,bullish,direction_flip,-0.1459,-0.1559,False,True,bullish,True,1.458,1.532,1,True,bullish,True,1.505,1.542,1,True,bullish,True,1.512,1.538,1,[V3:balance_aligned] READY (BULLISH),0.978407,0.976882,
EURAUDm,6,2023-04-19,2023-05-30,41,1.63321,1.64644,1.59208857,2.52,0.01370714,bullish,direction_flip,0.8101,0.8001,True,True,bullish,True,1.573,1.633,1,True,bullish,True,1.63,1.64,1,True,bullish,True,1.6275,1.6305,1,[V3:balance_aligned] READY (BULLISH),0.976882,0.984698,
EURAUDm,7,2023-06-06,2023-06-27,21,1.60135,1.63969,1.63760929,2.26,0.01208643,bearish,direction_flip,-2.3942,-2.4042,False,True,bearish,True,1.613,1.667,2,True,bearish,True,1.619,1.651,2,True,bearish,True,1.617,1.6225,1,[V3:balance_aligned] READY (BEARISH),0.984698,0.961023,
EURAUDm,8,2023-09-14,2023-10-31,47,1.65368,1.66917,1.69144786,2.28,0.01258929,bearish,direction_flip,-0.9367,-0.9467,False,True,bearish,True,1.67,1.693,1,True,bearish,True,1.665,1.689,4,True,bearish,True,1.6715,1.678,1,[V3:balance_aligned] READY (BEARISH),0.961023,0.951925,
EURAUDm,9,2024-03-26,2025-01-28,308,1.65651,1.66753,1.68161571,1.52,0.00836857,bearish,direction_flip,-0.6653,-0.6753,False,True,bearish,True,1.644,1.674,3,True,bearish,True,1.648,1.668,1,True,bearish,True,1.6535,1.6598,1,[V3:balance_aligned] READY (BEARISH),0.951925,0.945498,
EURAUDm,10,2025-06-03,2025-10-28,147,1.76083,1.77015,1.72294857,2.15,0.01262714,bullish,direction_flip,0.5293,0.5193,True,True,bullish,True,1.725,1.77,1,True,bullish,True,1.745,1.77,1,True,bullish,True,1.758,1.7655,1,[V3:balance_aligned] READY (BULLISH),0.945498,0.950407,
EURAUDm,11,2025-12-22,2026-02-23,63,1.76685,1.66247,1.79387143,1.53,0.00900714,bearish,end_of_backtest,5.9077,5.8977,True,True,bearish,True,1.758,1.798,2,True,bearish,True,1.762,1.7805,1,True,bearish,True,1.769,1.778,1,[V3:balance_aligned] READY (BEARISH),0.950407,1.00646,
EURNZDm,1,2023-06-27,2023-08-29,63,1.77918,1.82111,1.73886429,2.27,0.01343857,bullish,direction_flip,2.3567,2.3467,True,True,bullish,True,1.738,1.8,1,True,bullish,True,1.75,1.781,1,True,bullish,True,1.765,1.776,1,[V3:balance_aligned] READY (BULLISH),1.0,1.023467,
EURNZDm,2,2023-09-04,2024-01-30,148,1.81736,1.76788,1.86016571,2.36,0.01426857,bearish,direction_flip,2.7226,2.7126,True,True,bearish,True,1.798,1.845,1,True,bearish,True,1.819,1.833,2,True,bearish,True,1.8085,1.8225,1,[V3:balance_aligned] READY (BEARISH),1.023467,1.05123,
EURNZDm,3,2024-11-29,2025-01-28,60,1.78468,1.84074,1.82008,1.98,0.0118,bearish,direction_flip,-3.1412,-3.1512,False,True,bearish,True,1.775,1.823,3,True,bearish,True,1.774,1.807,2,True,bearish,True,1.781,1.8,1,[V3:balance_aligned] READY (BEARISH),1.05123,1.018104,
EURNZDm,4,2025-05-05,2025-07-29,85,1.89748,1.93959,1.94752,2.64,0.01668,bearish,direction_flip,-2.2193,-2.2293,False,True,bearish,True,1.9,1.94,1,True,bearish,True,1.901,1.914,1,True,bearish,True,1.901,1.91,1,[V3:balance_aligned] READY (BEARISH),1.018104,0.995408,
EURNZDm,5,2025-08-01,2026-02-23,206,1.95864,1.97056,1.92007286,1.97,0.01285571,bullish,end_of_backtest,0.6086,0.5986,True,True,bullish,True,1.94,1.958,1,True,bullish,True,1.939,1.968,2,True,bullish,True,1.928,1.941,1,[V3:balance_aligned] READY (BULLISH),0.995408,1.001366,
EURCADm,1,2023-08-21,2023-08-29,8,1.47612,1.47365,1.45361143,1.52,0.00750286,bullish,direction_flip,-0.1673,-0.1773,False,True,bullish,True,1.45,1.475,1,True,bullish,True,1.469,1.4745,1,True,bullish,True,1.471,1.4758,1,[V3:balance_aligned] READY (BULLISH),1.0,0.998227,
EURCADm,2,2023-12-11,2024-04-30,141,1.46168,1.46943,1.48745643,1.76,0.00859214,bearish,direction_flip,-0.5302,-0.5402,False,True,bearish,True,1.472,1.495,1,True,bearish,True,1.458,1.4735,1,True,bearish,True,1.458,1.4675,1,[V3:balance_aligned] READY (BEARISH),0.998227,0.992834,
EURCADm,3,2024-05-30,2024-10-29,152,1.48205,1.5055,1.49601286,0.94,0.00465429,bearish,direction_flip,-1.5823,-1.5923,False,True,bearish,True,1.469,1.488,1,True,bearish,True,1.4775,1.488,1,True,bearish,True,1.479,1.4845,2,[V3:balance_aligned] READY (BEARISH),0.992834,0.977026,
EURCADm,4,2025-01-31,2025-05-27,116,1.5047,1.56544,1.47594286,1.91,0.00958571,bullish,direction_flip,4.0367,4.0267,True,True,bullish,True,1.468,1.518,1,True,bullish,True,1.486,1.508,1,True,bullish,True,1.498,1.505,2,[V3:balance_aligned] READY (BULLISH),0.977026,1.016367,
EURCADm,5,2025-06-09,2025-09-30,113,1.56529,1.6337,1.59605714,1.97,0.01025571,bearish,direction_flip,-4.3704,-4.3804,False,True,bearish,True,1.548,1.576,1,True,bearish,True,1.5535,1.572,1,True,bearish,True,1.5575,1.5655,2,[V3:balance_aligned] READY (BEARISH),1.016367,0.971846,
EURCADm,6,2025-10-01,2025-10-28,27,1.63527,1.62471,1.61035286,1.52,0.00830571,bullish,direction_flip,-0.6458,-0.6558,False,True,bullish,True,1.6,1.64,1,True,bullish,True,1.625,1.632,1,True,bullish,True,1.6302,1.637,2,[V3:balance_aligned] READY (BULLISH),0.971846,0.965473,
EURCADm,7,2025-11-24,2026-02-23,91,1.62526,1.61501,1.64769786,1.38,0.00747929,bearish,end_of_backtest,0.6307,0.6207,True,True,bearish,True,1.614,1.647,2,True,bearish,True,1.619,1.63,1,True,bearish,True,1.622,1.6255,1,[V3:balance_aligned] READY (BEARISH),0.965473,0.971465,
EURCHFm,1,2023-06-29,2024-06-25,362,0.97708,0.9587,0.99173929,1.5,0.00488643,bearish,direction_flip,1.8811,1.8711,True,True,bearish,True,0.9675,0.984,1,True,bearish,True,0.975,0.984,1,True,bearish,True,0.9778,0.9805,1,[V3:balance_aligned] READY (BEARISH),1.0,1.018711,
EURCHFm,2,2024-06-26,2024-11-26,153,0.95792,0.92965,0.94029286,1.84,0.00587571,bullish,direction_flip,-2.9512,-2.9612,False,True,bullish,True,0.948,0.98,1,True,bullish,True,0.9495,0.955,1,True,bullish,True,0.9563,0.9593,2,[V3:balance_aligned] READY (BULLISH),1.018711,0.988545,
EURCHFm,3,2024-12-09,2025-01-28,50,0.92725,0.94282,0.941935,1.58,0.004895,bearish,direction_flip,-1.6792,-1.6892,False,True,bearish,True,0.92,0.944,1,True,bearish,True,0.929,0.932,3,True,bearish,True,0.9275,0.9297,1,[V3:balance_aligned] READY (BEARISH),0.988545,0.971847,
EURCHFm,4,2025-01-30,2025-04-01,61,0.94568,0.95383,0.93108286,1.54,0.00486571,bullish,direction_flip,0.8618,0.8518,True,True,bullish,True,0.9335,0.9515,1,True,bullish,True,0.9375,0.9515,1,True,bullish,True,0.9427,0.945,2,[V3:balance_aligned] READY (BULLISH),0.971847,0.980125,
EURCHFm,5,2025-06-02,2025-09-30,120,0.93443,0.93448,0.95002571,1.67,0.00519857,bearish,direction_flip,-0.0054,-0.0154,False,True,bearish,True,0.921,0.95,1,True,bearish,True,0.9313,0.939,3,True,bearish,True,0.932,0.9357,1,[V3:balance_aligned] READY (BEARISH),0.980125,0.979975,
EURCHFm,6,2025-11-03,2025-12-30,57,0.9308,0.93011,0.92041786,1.12,0.00346071,bullish,direction_flip,-0.0741,-0.0841,False,True,bullish,True,0.921,0.934,1,True,bullish,True,0.9245,0.9278,1,True,bullish,True,0.927,0.9285,1,[V3:balance_aligned] READY (BULLISH),0.979975,0.979151,
EURCHFm,7,2026-01-01,2026-02-23,53,0.9306,0.91323,0.93942429,0.95,0.00294143,bearish,end_of_backtest,1.8665,1.8565,True,True,bearish,True,0.925,0.9395,1,True,bearish,True,0.925,0.9323,1,True,bearish,True,0.93,0.9311,1,[V3:balance_aligned] READY (BEARISH),0.979151,0.997329,
GBPJPYm,1,2024-11-07,2025-01-28,82,198.824,193.494,193.5935,2.63,1.7435,bullish,direction_flip,-2.6808,-2.6908,False,True,bullish,True,193.0,199.8,1,True,bullish,True,196.8,199.2,1,True,bullish,True,197.3,199.5,1,[V3:balance_aligned] READY (BULLISH),1.0,0.973092,
GBPJPYm,2,2025-04-03,2025-04-29,26,191.426,190.783,197.13885714,2.98,1.90428571,bearish,direction_flip,0.3359,0.3259,True,True,bearish,True,189.5,194.5,1,True,bearish,True,192.5,196.0,1,True,bearish,True,192.2,195.8,1,[V3:balance_aligned] READY (BEARISH),0.973092,0.976264,
GBPJPYm,3,2025-05-08,2026-02-23,291,193.221,208.856,188.328,2.53,1.631,bullish,end_of_backtest,8.0918,8.0818,True,True,bullish,True,184.5,193.5,1,True,bullish,True,190.5,192.8,1,True,bullish,True,190.6,191.35,1,[V3:balance_aligned] READY (BULLISH),0.976264,1.055163,
GBPAUDm,1,2021-07-19,2021-08-31,43,1.8628,1.87918,1.831165,1.7,0.010545,bullish,direction_flip,0.8793,0.8693,True,True,bullish,True,1.819,1.852,1,True,bullish,True,1.8525,1.861,1,True,bullish,True,1.8525,1.863,1,[V3:balance_aligned] READY (BULLISH),1.0,1.008693,
GBPAUDm,2,2022-01-03,2022-07-26,204,1.87352,1.73243,1.84201571,1.68,0.01050143,bullish,direction_flip,-7.5307,-7.5407,False,True,bullish,True,1.838,1.887,2,True,bullish,True,1.8505,1.8655,1,True,bullish,True,1.8575,1.8625,3,[V3:balance_aligned] READY (BULLISH),1.008693,0.93263,
GBPAUDm,3,2022-10-10,2022-12-27,78,1.75953,1.78707,1.665225,5.36,0.031435,bullish,direction_flip,1.5652,1.5552,True,True,bullish,True,1.595,1.745,1,True,bullish,True,1.725,1.77,1,True,bullish,True,1.738,1.745,1,[V3:balance_aligned] READY (BULLISH),0.93263,0.947134,
GBPAUDm,4,2023-01-09,2023-08-01,204,1.76297,1.93333,1.81360571,2.87,0.01687857,bearish,direction_flip,-9.6632,-9.6732,False,True,bearish,True,1.798,1.823,1,True,bearish,True,1.75,1.785,1,True,bearish,True,1.7575,1.766,1,[V3:balance_aligned] READY (BEARISH),0.947134,0.855516,
GBPAUDm,5,2023-08-15,2023-08-29,14,1.96665,1.95105,1.92011786,2.37,0.01551071,bullish,direction_flip,-0.7932,-0.8032,False,True,bullish,True,1.885,1.948,1,True,bullish,True,1.94,1.951,1,True,bullish,True,1.9505,1.962,1,[V3:balance_aligned] READY (BULLISH),0.855516,0.848644,
GBPAUDm,6,2023-09-04,2023-11-28,85,1.95451,1.90931,1.99386571,2.01,0.01311857,bearish,direction_flip,2.3126,2.3026,True,True,bearish,True,1.933,1.998,1,True,bearish,True,1.9515,1.9615,1,True,bearish,True,1.9485,1.961,1,[V3:balance_aligned] READY (BEARISH),0.848644,0.868185,
GBPAUDm,7,2024-04-04,2024-10-29,208,1.91872,1.9838,1.94731214,1.49,0.00953071,bearish,direction_flip,-3.3918,-3.4018,False,True,bearish,True,1.924,1.957,2,True,bearish,True,1.928,1.945,1,True,bearish,True,1.9265,1.931,1,[V3:balance_aligned] READY (BEARISH),0.868185,0.838651,
GBPAUDm,8,2025-05-02,2026-02-23,297,2.0585,1.90276,2.11226429,2.61,0.01792143,bearish,end_of_backtest,7.5657,7.5557,True,True,bearish,True,2.05,2.165,1,True,bearish,True,2.068,2.096,2,True,bearish,True,2.071,2.089,1,[V3:balance_aligned] READY (BEARISH),0.838651,0.902017,
GBPNZDm,1,2023-06-19,2023-08-29,71,2.06273,2.11732,2.017445,2.2,0.015095,bullish,direction_flip,2.6465,2.6365,True,True,bullish,True,1.98,2.025,2,True,bullish,True,2.033,2.064,2,True,bullish,True,2.047,2.064,1,[V3:balance_aligned] READY (BULLISH),1.0,1.026365,
GBPNZDm,2,2023-09-12,2024-10-01,385,2.11358,2.11263,2.15661929,2.04,0.01434643,bearish,direction_flip,0.0449,0.0349,True,True,bearish,True,2.085,2.158,1,True,bearish,True,2.114,2.146,1,True,bearish,True,2.1125,2.116,2,[V3:balance_aligned] READY (BEARISH),1.026365,1.026724,
GBPNZDm,3,2024-10-21,2025-04-29,190,2.15516,2.25816,2.1089,2.15,0.01542,bullish,direction_flip,4.7792,4.7692,True,True,bullish,True,2.098,2.175,1,True,bullish,True,2.136,2.162,1,True,bullish,True,2.1445,2.155,1,[V3:balance_aligned] READY (BULLISH),1.026724,1.07569,
GBPNZDm,4,2025-07-04,2025-10-28,116,2.25226,2.29595,2.20822,1.96,0.01468,bullish,direction_flip,1.9398,1.9298,True,True,bullish,True,2.223,2.275,1,True,bullish,True,2.249,2.274,1,True,bullish,True,2.2405,2.255,2,[V3:balance_aligned] READY (BULLISH),1.07569,1.096449,
GBPCADm,1,2023-11-08,2024-01-30,83,1.69378,1.70091,1.66219,1.87,0.01053,bullish,direction_flip,0.421,0.411,True,True,bullish,True,1.65,1.695,2,True,bullish,True,1.678,1.686,1,True,bullish,True,1.69,1.6925,1,[V3:balance_aligned] READY (BULLISH),1.0,1.00411,
GBPCADm,2,2024-03-04,2024-06-25,113,1.72213,1.73267,1.69848143,1.37,0.00788286,bullish,direction_flip,0.612,0.602,True,True,bullish,True,1.685,1.723,4,True,bullish,True,1.7085,1.722,1,True,bullish,True,1.7132,1.719,2,[V3:balance_aligned] READY (BULLISH),1.00411,1.010155,
GBPCADm,3,2024-12-02,2024-12-31,29,1.7778,1.79933,1.74720643,1.72,0.01019786,bullish,direction_flip,1.211,1.201,True,True,bullish,True,1.748,1.808,1,True,bullish,True,1.752,1.785,2,True,bullish,True,1.776,1.785,1,[V3:balance_aligned] READY (BULLISH),1.010155,1.022287,
GBPCADm,4,2025-05-23,2025-09-30,130,1.85857,1.87145,1.89375786,1.89,0.01172929,bearish,direction_flip,-0.693,-0.703,False,True,bearish,True,1.798,1.86,1,True,bearish,True,1.837,1.862,1,True,bearish,True,1.8575,1.8645,2,[V3:balance_aligned] READY (BEARISH),1.022287,1.0151,
GBPCADm,5,2025-10-01,2025-10-28,27,1.87847,1.85061,1.84801786,1.62,0.01015071,bullish,direction_flip,-1.4831,-1.4931,False,True,bullish,True,1.857,1.877,1,True,bullish,True,1.8605,1.8695,1,True,bullish,True,1.868,1.8718,1,[V3:balance_aligned] READY (BULLISH),1.0151,0.999944,
GBPCADm,6,2025-12-22,2026-02-23,63,1.85112,1.8468,1.82029071,1.67,0.01027643,bullish,end_of_backtest,-0.2334,-0.2434,False,True,bullish,True,1.837,1.85,1,True,bullish,True,1.8345,1.851,1,True,bullish,True,1.843,1.846,1,[V3:balance_aligned] READY (BULLISH),0.999944,0.99751,
GBPCHFm,1,2023-06-02,2023-06-27,25,1.1313,1.13906,1.11146571,1.75,0.00661143,bullish,direction_flip,0.6859,0.6759,True,True,bullish,True,1.108,1.139,2,True,bullish,True,1.113,1.1245,1,True,bullish,True,1.1305,1.1355,1,[V3:balance_aligned] READY (BULLISH),1.0,1.006759,
GBPCHFm,2,2023-10-05,2023-10-31,26,1.11226,1.10563,1.09415286,1.63,0.00603571,bullish,direction_flip,-0.5961,-0.6061,False,True,bullish,True,1.1065,1.1215,2,True,bullish,True,1.107,1.1215,1,True,bullish,True,1.11,1.115,3,[V3:balance_aligned] READY (BULLISH),1.006759,1.000658,
GBPCHFm,3,2024-06-25,2024-10-29,126,1.13553,1.12828,1.116045,1.72,0.006495,bullish,direction_flip,-0.6385,-0.6485,False,True,bullish,True,1.122,1.15,1,True,bullish,True,1.1235,1.1295,1,True,bullish,True,1.1287,1.1342,1,[V3:balance_aligned] READY (BULLISH),1.000658,0.994169,
GBPCHFm,4,2025-03-28,2025-04-29,32,1.13972,1.10394,1.11985571,1.74,0.00662143,bullish,direction_flip,-3.1394,-3.1494,False,True,bullish,True,1.119,1.142,1,True,bullish,True,1.1385,1.144,1,True,bullish,True,1.138,1.1455,1,[V3:balance_aligned] READY (BULLISH),0.994169,0.962859,
GBPCHFm,5,2025-09-18,2025-10-28,40,1.07418,1.05268,1.05770571,1.53,0.00549143,bullish,direction_flip,-2.0015,-2.0115,False,True,bullish,True,1.068,1.096,1,True,bullish,True,1.0735,1.0817,2,True,bullish,True,1.0733,1.08,1,[V3:balance_aligned] READY (BULLISH),0.962859,0.94349,
GBPCHFm,6,2025-11-25,2026-01-27,63,1.06293,1.05451,1.043085,1.87,0.006615,bullish,direction_flip,-0.7922,-0.8022,False,True,bullish,True,1.036,1.067,1,True,bullish,True,1.0425,1.06,2,True,bullish,True,1.0575,1.0597,1,[V3:balance_aligned] READY (BULLISH),0.94349,0.935922,
AUDJPYm,1,2021-08-17,2021-09-28,42,79.466,80.784,81.13914286,2.11,0.55771429,bearish,direction_flip,-1.6586,-1.6686,False,True,bearish,True,79.8,84.2,1,True,bearish,True,80.7,81.58,2,True,bearish,True,79.9,80.75,1,[V3:balance_aligned] READY (BEARISH),1.0,0.983314,
AUDJPYm,2,2021-10-01,2022-06-28,270,80.665,93.91,78.20328571,3.05,0.82057143,bullish,direction_flip,16.4198,16.4098,True,True,bullish,True,78.8,82.0,2,True,bullish,True,78.9,80.0,1,True,bullish,True,80.28,80.9,2,[V3:balance_aligned] READY (BULLISH),0.983314,1.144674,
AUDJPYm,3,2022-09-02,2022-11-29,88,95.474,92.712,92.76242857,2.84,0.90385714,bullish,direction_flip,-2.8929,-2.9029,False,True,bullish,True,90.5,96.2,2,True,bullish,True,93.95,95.75,1,True,bullish,True,94.9,95.2,1,[V3:balance_aligned] READY (BULLISH),1.144674,1.111445,
AUDJPYm,4,2022-12-06,2023-03-28,112,91.668,87.872,94.57135714,3.17,0.96778571,bearish,direction_flip,4.141,4.131,True,True,bearish,True,91.0,95.2,2,True,bearish,True,91.1,93.8,1,True,bearish,True,91.65,92.05,1,[V3:balance_aligned] READY (BEARISH),1.111445,1.157359,
AUDJPYm,5,2023-08-23,2023-09-26,34,93.751,95.285,96.15507143,2.56,0.80135714,bearish,direction_flip,-1.6362,-1.6462,False,True,bearish,True,91.8,96.8,2,True,bearish,True,92.8,94.9,3,True,bearish,True,93.6,93.88,1,[V3:balance_aligned] READY (BEARISH),1.157359,1.138306,
AUDJPYm,6,2023-10-06,2023-12-26,81,95.304,97.212,92.42721429,3.02,0.95892857,bullish,direction_flip,2.002,1.992,True,True,bullish,True,93.6,96.9,1,True,bullish,True,94.7,96.9,2,True,bullish,True,94.3,94.58,1,[V3:balance_aligned] READY (BULLISH),1.138306,1.160981,
AUDJPYm,7,2024-01-15,2024-02-27,43,96.936,98.462,99.27021429,2.41,0.77807143,bearish,direction_flip,-1.5742,-1.5842,False,True,bearish,True,93.8,98.0,1,True,bearish,True,96.15,97.8,1,True,bearish,True,96.8,97.45,1,[V3:balance_aligned] READY (BEARISH),1.160981,1.142588,
AUDJPYm,8,2024-04-22,2024-10-29,190,99.859,100.507,97.10585714,2.76,0.91771429,bullish,direction_flip,0.6489,0.6389,True,True,bullish,True,96.9,100.2,1,True,bullish,True,97.8,100.0,1,True,bullish,True,98.9,99.3,1,[V3:balance_aligned] READY (BULLISH),1.142588,1.149889,
AUDJPYm,9,2025-03-11,2025-07-01,112,93.178,94.327,97.17014286,4.28,1.33071429,bearish,direction_flip,-1.2331,-1.2431,False,True,bearish,True,92.8,97.2,1,True,bearish,True,91.9,94.7,2,True,bearish,True,92.05,93.4,1,[V3:balance_aligned] READY (BEARISH),1.149889,1.135594,
AUDJPYm,10,2025-09-02,2026-02-23,174,96.848,109.739,95.08485714,1.82,0.58771429,bullish,end_of_backtest,13.3105,13.3005,True,True,bullish,True,94.4,96.8,1,True,bullish,True,95.25,96.25,1,True,bullish,True,96.05,96.58,1,[V3:balance_aligned] READY (BULLISH),1.135594,1.286634,
NZDJPYm,1,2023-08-02,2024-04-30,272,87.224,92.629,90.60457143,3.88,1.12685714,bearish,direction_flip,-6.1967,-6.2067,False,True,bearish,True,85.0,89.8,2,True,bearish,True,84.9,88.0,1,True,bearish,True,87.65,88.55,1,[V3:balance_aligned] READY (BEARISH),1.0,0.937933,
NZDJPYm,2,2025-11-17,2026-02-23,98,87.764,92.614,85.4495,2.64,0.7715,bullish,end_of_backtest,5.5262,5.5162,True,True,bullish,True,85.3,88.8,1,True,bullish,True,86.3,87.95,1,True,bullish,True,87.58,87.88,1,[V3:balance_aligned] READY (BULLISH),0.937933,0.989671,
CADJPYm,1,2021-08-05,2021-11-30,117,87.78,88.68,85.2015,2.94,0.8595,bullish,direction_flip,1.0253,1.0153,True,True,bullish,True,85.5,90.0,1,True,bullish,True,87.05,88.3,1,True,bullish,True,86.65,87.45,2,[V3:balance_aligned] READY (BULLISH),1.0,1.010153,
CADJPYm,2,2022-02-02,2022-04-26,83,90.123,99.356,92.48228571,2.62,0.78642857,bearish,direction_flip,-10.2449,-10.2549,False,True,bearish,True,89.6,92.2,1,True,bearish,True,89.55,91.15,1,True,bearish,True,90.18,90.88,1,[V3:balance_aligned] READY (BEARISH),1.010153,0.906563,
CADJPYm,3,2023-03-02,2023-11-28,271,100.509,108.367,98.14092857,2.36,0.78935714,bullish,direction_flip,7.8182,7.8082,True,True,bullish,True,96.5,100.8,1,True,bullish,True,98.3,100.3,1,True,bullish,True,99.75,100.6,1,[V3:balance_aligned] READY (BULLISH),0.906563,0.977349,
CADJPYm,4,2024-01-01,2024-08-27,239,106.312,107.044,109.408,2.91,1.032,bearish,direction_flip,-0.6885,-0.6985,False,True,bearish,True,104.2,108.8,1,True,bearish,True,106.5,107.6,1,True,bearish,True,106.3,107.35,1,[V3:balance_aligned] READY (BEARISH),0.977349,0.970522,
CADJPYm,5,2025-07-30,2025-08-26,27,107.91,106.581,110.25235714,2.17,0.78078571,bearish,direction_flip,1.2316,1.2216,True,True,bearish,True,105.9,108.9,1,True,bearish,True,107.45,108.4,1,True,bearish,True,107.68,108.2,1,[V3:balance_aligned] READY (BEARISH),0.970522,0.982378,
CADJPYm,6,2025-09-18,2026-01-27,131,107.273,112.157,105.19764286,1.93,0.69178571,bullish,direction_flip,4.5529,4.5429,True,True,bullish,True,105.95,107.75,1,True,bullish,True,106.0,107.3,1,True,bullish,True,105.95,106.75,1,[V3:balance_aligned] READY (BULLISH),0.982378,1.027006,
CHFJPYm,1,2024-02-15,2024-02-27,12,170.376,171.171,167.3325,1.79,1.0145,bullish,direction_flip,0.4666,0.4566,True,True,bullish,True,169.8,171.2,1,True,bullish,True,169.1,171.4,1,True,bullish,True,169.3,170.9,1,[V3:balance_aligned] READY (BULLISH),1.0,1.004566,
CHFJPYm,2,2024-04-02,2024-08-27,147,166.909,171.024,170.33778571,2.05,1.14292857,bearish,direction_flip,-2.4654,-2.4754,False,True,bearish,True,167.2,169.5,1,True,bearish,True,166.6,168.7,1,True,bearish,True,167.6,167.95,1,[V3:balance_aligned] READY (BEARISH),1.004566,0.979699,
CHFJPYm,3,2024-09-24,2025-01-28,126,169.843,172.007,165.63335714,2.48,1.40321429,bullish,direction_flip,1.2741,1.2641,True,True,bullish,True,169.2,171.5,1,True,bullish,True,165.2,170.0,1,True,bullish,True,168.5,169.75,1,[V3:balance_aligned] READY (BULLISH),0.979699,0.992084,
CHFJPYm,4,2025-06-02,2026-02-23,266,174.538,199.948,171.38371429,1.81,1.05142857,bullish,end_of_backtest,14.5584,14.5484,True,True,bullish,True,172.8,176.1,2,True,bullish,True,173.3,175.6,1,True,bullish,True,174.35,175.65,1,[V3:balance_aligned] READY (BULLISH),0.992084,1.136416,
AUDCADm,1,2023-06-05,2023-12-26,204,0.88924,0.90045,0.90614286,1.9,0.00563429,bearish,direction_flip,-1.2606,-1.2706,False,True,bearish,True,0.878,0.911,1,True,bearish,True,0.884,0.89,1,True,bearish,True,0.884,0.8908,1,[V3:balance_aligned] READY (BEARISH),1.0,0.987294,
AUDCADm,2,2024-03-07,2024-03-26,19,0.8907,0.88781,0.87775071,1.45,0.00431643,bullish,direction_flip,-0.3245,-0.3345,False,True,bullish,True,0.8725,0.889,1,True,bullish,True,0.8805,0.8868,2,True,bullish,True,0.8828,0.8888,1,[V3:balance_aligned] READY (BULLISH),0.987294,0.983992,
AUDCADm,3,2025-04-08,2025-04-29,21,0.84851,0.88298,0.88021143,3.74,0.01056714,bearish,direction_flip,-4.0624,-4.0724,False,True,bearish,True,0.887,0.907,1,True,bearish,True,0.89,0.9,1,True,bearish,True,0.846,0.869,1,[V3:balance_aligned] READY (BEARISH),0.983992,0.943919,
AUDCADm,4,2025-12-16,2025-12-30,14,0.91222,0.91686,0.92455214,1.35,0.00411071,bearish,direction_flip,-0.5086,-0.5186,False,True,bearish,True,0.9055,0.9205,2,True,bearish,True,0.913,0.9255,1,True,bearish,True,0.9144,0.9153,1,[V3:balance_aligned] READY (BEARISH),0.943919,0.939024,
AUDCADm,5,2026-01-05,2026-02-23,49,0.92446,0.96857,0.914065,1.12,0.003465,bullish,end_of_backtest,4.7714,4.7614,True,True,bullish,True,0.9085,0.9255,1,True,bullish,True,0.9133,0.92,2,True,bullish,True,0.9158,0.92,1,[V3:balance_aligned] READY (BULLISH),0.939024,0.983735,
AUDNZDm,1,2024-02-23,2024-02-27,4,1.05911,1.06035,1.07232071,1.25,0.00440357,bearish,direction_flip,-0.1171,-0.1271,False,True,bearish,True,1.071,1.081,1,True,bearish,True,1.0585,1.07,2,True,bearish,True,1.0582,1.0602,1,[V3:balance_aligned] READY (BEARISH),1.0,0.998729,
AUDNZDm,2,2024-03-14,2024-07-30,138,1.07409,1.10783,1.06268143,1.06,0.00380286,bullish,direction_flip,3.1413,3.1313,True,True,bullish,True,1.057,1.0735,1,True,bullish,True,1.0662,1.0745,1,True,bullish,True,1.0733,1.0755,1,[V3:balance_aligned] READY (BULLISH),0.998729,1.030002,
AUDNZDm,3,2024-09-27,2024-12-31,95,1.08841,1.1061,1.10270714,1.31,0.00476571,bearish,direction_flip,-1.6253,-1.6353,False,True,bearish,True,1.08,1.106,1,True,bearish,True,1.0862,1.0945,1,True,bearish,True,1.088,1.0933,1,[V3:balance_aligned] READY (BEARISH),1.030002,1.013158,
AUDNZDm,4,2025-04-21,2025-04-29,8,1.07012,1.07548,1.09843786,2.65,0.00943929,bearish,direction_flip,-0.5009,-0.5109,False,True,bearish,True,1.07,1.11,1,True,bearish,True,1.0675,1.0805,1,True,bearish,True,1.0688,1.0755,2,[V3:balance_aligned] READY (BEARISH),1.013158,1.007982,
AUDNZDm,5,2025-05-01,2025-05-27,26,1.07987,1.08388,1.06310429,1.55,0.00558857,bullish,direction_flip,0.3713,0.3613,True,True,bullish,True,1.065,1.091,1,True,bullish,True,1.0677,1.0717,1,True,bullish,True,1.0755,1.081,1,[V3:balance_aligned] READY (BULLISH),1.007982,1.011625,
AUDNZDm,6,2025-06-17,2025-07-29,42,1.07663,1.09371,1.08829571,1.08,0.00388857,bearish,direction_flip,-1.5864,-1.5964,False,True,bearish,True,1.076,1.092,1,True,bearish,True,1.0765,1.079,2,True,bearish,True,1.0762,1.0782,1,[V3:balance_aligned] READY (BEARISH),1.011625,0.995475,
AUDNZDm,7,2025-08-05,2025-11-25,112,1.09537,1.15015,1.08455286,0.99,0.00360571,bullish,direction_flip,5.001,4.991,True,True,bullish,True,1.0815,1.099,1,True,bullish,True,1.0897,1.0965,2,True,bullish,True,1.0937,1.0966,2,[V3:balance_aligned] READY (BULLISH),0.995475,1.045159,
AUDCHFm,1,2023-05-22,2023-05-30,8,0.59718,0.5905,0.613425,2.72,0.005415,bearish,direction_flip,1.1186,1.1086,True,True,bearish,True,0.585,0.62,1,True,bearish,True,0.5943,0.6013,1,True,bearish,True,0.5985,0.6008,1,[V3:balance_aligned] READY (BEARISH),1.0,1.011086,
AUDCHFm,2,2023-06-19,2023-06-27,8,0.61357,0.59712,0.59737429,2.64,0.00539857,bullish,direction_flip,-2.681,-2.691,False,True,bullish,True,0.5865,0.605,1,True,bullish,True,0.6075,0.617,1,True,bullish,True,0.6102,0.6168,1,[V3:balance_aligned] READY (BULLISH),1.011086,0.983877,
AUDCHFm,3,2024-05-09,2024-05-28,19,0.59935,0.60643,0.58693214,2.07,0.00413929,bullish,direction_flip,1.1813,1.1713,True,True,bullish,True,0.588,0.597,1,True,bullish,True,0.5955,0.5988,1,True,bullish,True,0.596,0.5988,1,[V3:balance_aligned] READY (BULLISH),0.983877,0.995401,
AUDCHFm,4,2024-06-18,2024-06-25,7,0.58893,0.59483,0.60276429,2.35,0.00461143,bearish,direction_flip,-1.0018,-1.0118,False,True,bearish,True,0.596,0.61,1,True,bearish,True,0.5875,0.5975,2,True,bearish,True,0.5867,0.5895,1,[V3:balance_aligned] READY (BEARISH),0.995401,0.98533,
AUDCHFm,5,2024-07-04,2024-10-29,117,0.60534,0.56861,0.59396357,1.88,0.00379214,bullish,direction_flip,-6.0677,-6.0777,False,True,bullish,True,0.5885,0.597,1,True,bullish,True,0.592,0.601,1,True,bullish,True,0.602,0.6058,1,[V3:balance_aligned] READY (BULLISH),0.98533,0.925445,
AUDCHFm,6,2025-01-01,2025-04-29,118,0.56204,0.5258,0.57376571,2.09,0.00390857,bearish,direction_flip,6.4479,6.4379,True,True,bearish,True,0.556,0.576,1,True,bearish,True,0.5563,0.5625,1,True,bearish,True,0.5602,0.5624,2,[V3:balance_aligned] READY (BEARISH),0.925445,0.985024,
AUDCHFm,7,2025-05-05,2025-05-27,22,0.53113,0.53329,0.51355214,3.31,0.00585929,bullish,direction_flip,0.4067,0.3967,True,True,bullish,True,0.516,0.53,1,True,bullish,True,0.5225,0.534,1,True,bullish,True,0.5285,0.5343,1,[V3:balance_aligned] READY (BULLISH),0.985024,0.988932,
AUDCHFm,8,2025-07-01,2025-09-30,91,0.5202,0.52644,0.53441786,2.73,0.00473929,bearish,direction_flip,-1.1995,-1.2095,False,True,bearish,True,0.5185,0.537,1,True,bearish,True,0.5218,0.525,1,True,bearish,True,0.52,0.5229,1,[V3:balance_aligned] READY (BEARISH),0.988932,0.97697,
NZDCADm,1,2023-08-03,2023-10-31,89,0.81191,0.80563,0.83501643,2.85,0.00770214,bearish,direction_flip,0.7735,0.7635,True,True,bearish,True,0.811,0.829,1,True,bearish,True,0.81,0.8255,1,True,bearish,True,0.8107,0.8135,1,[V3:balance_aligned] READY (BEARISH),1.0,1.007635,
NZDCADm,2,2023-11-08,2024-06-25,230,0.81508,0.83545,0.79659786,2.27,0.00616071,bullish,direction_flip,2.4991,2.4891,True,True,bullish,True,0.795,0.822,1,True,bullish,True,0.8025,0.82,1,True,bullish,True,0.8133,0.816,1,[V3:balance_aligned] READY (BULLISH),1.007635,1.032716,
NZDCADm,3,2024-07-01,2024-08-27,57,0.83292,0.83932,0.84522857,1.48,0.00410286,bearish,direction_flip,-0.7684,-0.7784,False,True,bearish,True,0.831,0.852,1,True,bearish,True,0.8313,0.8387,1,True,bearish,True,0.8313,0.8353,1,[V3:balance_aligned] READY (BEARISH),1.032716,1.024678,
NZDCADm,4,2025-07-21,2025-11-25,127,0.81619,0.79317,0.83141286,1.87,0.00507429,bearish,direction_flip,2.8204,2.8104,True,True,bearish,True,0.817,0.829,4,True,bearish,True,0.811,0.8225,1,True,bearish,True,0.816,0.8205,1,[V3:balance_aligned] READY (BEARISH),1.024678,1.053476,
NZDCHFm,1,2023-08-25,2023-11-28,95,0.52204,0.53886,0.53353214,2.2,0.00383071,bearish,direction_flip,-3.222,-3.232,False,True,bearish,True,0.53,0.558,1,True,bearish,True,0.5192,0.5262,1,True,bearish,True,0.5225,0.5245,1,[V3:balance_aligned] READY (BEARISH),1.0,0.96768,
NZDCHFm,2,2023-11-29,2023-12-26,27,0.53732,0.54023,0.52469643,2.35,0.00420786,bullish,direction_flip,0.5416,0.5316,True,True,bullish,True,0.528,0.544,3,True,bullish,True,0.5295,0.5378,1,True,bullish,True,0.5355,0.5393,1,[V3:balance_aligned] READY (BULLISH),0.96768,0.972824,
NZDCHFm,3,2025-08-01,2026-02-23,206,0.47544,0.46317,0.48419571,1.84,0.00291857,bearish,end_of_backtest,2.5808,2.5708,True,True,bearish,True,0.4735,0.4818,1,True,bearish,True,0.4735,0.481,2,True,bearish,True,0.4778,0.4818,1,[V3:balance_aligned] READY (BEARISH),0.972824,0.997833,
XAUUSDm,1,2023-08-21,2023-08-29,8,1894.664,1936.168,1940.95485714,2.44,15.43028571,bearish,direction_flip,-2.1906,-2.2006,False,True,bearish,True,1902,1988,1,True,bearish,True,1885,1916,1,True,bearish,True,1886.5,1896.5,2,[V3:balance_aligned] READY (BEARISH),1.0,0.977994,
XAUUSDm,2,2024-06-19,2024-11-26,160,2329.342,2632.254,2226.38092857,4.42,34.32035714,bullish,direction_flip,13.0042,12.9942,True,True,bullish,True,2290,2450,1,True,bullish,True,2288,2342,1,True,bullish,True,2307,2333,2,[V3:balance_aligned] READY (BULLISH),0.977994,1.105077,
XAUUSDm,3,2025-01-15,2025-04-29,104,2694.956,3317.122,2612.21171429,3.07,27.58142857,bullish,direction_flip,23.0863,23.0763,True,True,bullish,True,2585,2725,3,True,bullish,True,2614,2698,1,True,bullish,True,2660.0,2678.0,1,[V3:balance_aligned] READY (BULLISH),1.105077,1.360088,
XAUUSDm,4,2025-05-08,2025-07-29,82,3316.412,3327.531,3590.06728571,8.25,91.21842857,bearish,direction_flip,-0.3353,-0.3453,False,True,bearish,True,2960,3500,1,True,bearish,True,3200,3355,1,True,bearish,True,3360,3402,2,[V3:balance_aligned] READY (BEARISH),1.360088,1.355392,
XAUUSDm,5,2025-12-22,2026-02-23,63,4460.243,5165.373,4268.26078571,4.3,63.99407143,bullish,end_of_backtest,15.8092,15.7992,True,True,bullish,True,3930,4250,2,True,bullish,True,4270,4375,1,True,bullish,True,4310,4356,1,[V3:balance_aligned] READY (BULLISH),1.355392,1.569533,
XAGUSDm,1,2023-04-27,2024-02-27,306,24.885,22.425,26.61128571,6.94,0.57542857,bearish,direction_flip,9.8855,9.8755,True,True,bearish,True,23.6,26.1,1,True,bearish,True,24.6,25.6,2,True,bearish,True,24.7,25.2,1,[V3:balance_aligned] READY (BEARISH),1.0,1.098755,
XAGUSDm,2,2024-02-29,2024-04-30,61,22.647,26.328,21.13885714,6.66,0.50271429,bullish,direction_flip,16.2538,16.2438,True,True,bullish,True,21.9,24.1,1,True,bullish,True,22.55,23.45,2,True,bullish,True,22.34,22.44,1,[V3:balance_aligned] READY (BULLISH),1.098755,1.277234,
XAGUSDm,3,2024-12-02,2025-05-27,176,30.579,33.257,32.8875,7.55,0.7695,bearish,direction_flip,-8.7576,-8.7676,False,True,bearish,True,30.3,31.4,1,True,bearish,True,29.6,31.45,1,True,bearish,True,30.2,30.9,1,[V3:balance_aligned] READY (BEARISH),1.277234,1.165251,
XAGUSDm,4,2025-07-07,2026-02-23,231,36.781,87.006,34.50571429,6.19,0.75842857,bullish,end_of_backtest,136.5515,136.5415,True,True,bullish,True,35.5,36.8,1,True,bullish,True,35.4,37.05,2,True,bullish,True,36.5,36.9,1,[V3:balance_aligned] READY (BULLISH),1.165251,2.756302,
XPTUSDm,1,2023-06-12,2023-08-01,50,993.88,933.36,1062.325,6.89,22.815,bearish,direction_flip,6.0893,6.0793,True,True,bearish,True,995,1125,2,True,bearish,True,996,1046,1,True,bearish,True,996,1021,1,[V3:balance_aligned] READY (BEARISH),1.0,1.060793,
XPTUSDm,2,2023-11-02,2024-02-27,117,922.37,887.37,862.11285714,6.53,20.08571429,bullish,direction_flip,-3.7946,-3.8046,False,True,bullish,True,850,940,1,True,bullish,True,889,907,1,True,bullish,True,917.0,933.0,1,[V3:balance_aligned] READY (BULLISH),1.060793,1.020434,
XPTUSDm,3,2024-12-11,2025-01-28,48,942.06,943.15,999.93642857,6.14,19.29214286,bearish,direction_flip,-0.1157,-0.1257,False,True,bearish,True,936,974,1,True,bearish,True,926,957,1,True,bearish,True,931,945,1,[V3:balance_aligned] READY (BEARISH),1.020434,1.019151,
XPTUSDm,4,2025-01-31,2025-02-25,25,979.61,971.03,926.41785714,5.43,17.73071429,bullish,direction_flip,-0.8759,-0.8859,False,True,bullish,True,918,984,1,True,bullish,True,932.0,956.0,2,True,bullish,True,953,967,1,[V3:balance_aligned] READY (BULLISH),1.019151,1.010123,
XPTUSDm,5,2025-08-20,2026-02-23,187,1335.74,2192.21,1447.51357143,8.37,37.25785714,bearish,end_of_backtest,-64.1195,-64.1295,False,True,bearish,True,1260,1480,1,True,bearish,True,1298,1368,1,True,bearish,True,1310,1338,1,[V3:balance_aligned] READY (BEARISH),1.010123,0.362336,
XPDUSDm,1,2023-04-13,2023-05-30,47,1503.21,1399.9,1337.205,11.04,55.335,bullish,direction_flip,-6.8726,-6.8826,False,True,bullish,True,1335,1520,2,True,bullish,True,1400,1488,2,True,bullish,True,1436,1456,1,[V3:balance_aligned] READY (BULLISH),1.0,0.931174,
XPDUSDm,2,2023-06-08,2024-06-25,383,1355.4,931.13,1529.74071429,12.86,58.11357143,bearish,direction_flip,31.3022,31.2922,True,True,bearish,True,1300,1610,2,True,bearish,True,1300,1440,1,True,bearish,True,1374,1416,4,[V3:balance_aligned] READY (BEARISH),0.931174,1.222558,
XPDUSDm,3,2024-09-05,2024-11-26,82,936.65,974.84,840.70571429,10.24,31.98142857,bullish,direction_flip,4.0773,4.0673,True,True,bullish,True,825,985,3,True,bullish,True,932,988,1,True,bullish,True,927.0,935.0,1,[V3:balance_aligned] READY (BULLISH),1.222558,1.272284,
XPDUSDm,4,2024-12-04,2025-01-28,55,970.64,949.16,1077.64785714,11.02,35.66928571,bearish,direction_flip,2.213,2.203,True,True,bearish,True,910,1110,1,True,bearish,True,966,986,1,True,bearish,True,964,981,1,[V3:balance_aligned] READY (BEARISH),1.272284,1.300312,
XPDUSDm,5,2025-02-26,2025-04-29,62,915.61,925.05,1011.21571429,10.44,31.86857143,bearish,direction_flip,-1.031,-1.041,False,True,bearish,True,900,1020,3,True,bearish,True,944,1000,1,True,bearish,True,918,936,1,[V3:balance_aligned] READY (BEARISH),1.300312,1.286775,
XPDUSDm,6,2025-05-05,2025-07-29,85,933.96,1237.4,854.97214286,8.46,26.32928571,bullish,direction_flip,32.4896,32.4796,True,True,bullish,True,880,975,1,True,bullish,True,922,942,1,True,bullish,True,930,952,1,[V3:balance_aligned] READY (BULLISH),1.286775,1.704715,
XPDUSDm,7,2025-07-31,2025-09-30,61,1195.51,1251.8,1391.87285714,16.43,65.45428571,bearish,direction_flip,-4.7085,-4.7185,False,True,bearish,True,1070,1320,1,True,bearish,True,1230,1270,1,True,bearish,True,1200,1255,3,[V3:balance_aligned] READY (BEARISH),1.704715,1.624279,
XPDUSDm,8,2025-11-14,2025-11-25,11,1388.16,1376.87,1587.00428571,14.32,66.28142857,bearish,direction_flip,0.8133,0.8033,True,True,bearish,True,1240,1620,1,True,bearish,True,1350,1460,2,True,bearish,True,1430,1475,1,[V3:balance_aligned] READY (BEARISH),1.624279,1.637327,
XPDUSDm,9,2025-12-15,2026-01-27,43,1551.42,1903.35,1355.31642857,12.64,65.36785714,bullish,direction_flip,22.6844,22.6744,True,True,bullish,True,1330,1490,2,True,bullish,True,1420,1530,1,True,bullish,True,1450,1530,1,[V3:balance_aligned] READY (BULLISH),1.637327,2.00858,
XPDUSDm,10,2026-02-18,2026-02-23,5,1683.03,1762.02,2124.68785714,26.24,147.21928571,bearish,end_of_backtest,-4.6933,-4.7033,False,True,bearish,True,1560,2140,1,True,bearish,True,1580,1750,1,True,bearish,True,1605,1715,1,[V3:balance_aligned] READY (BEARISH),2.00858,1.91411,
USOILm,1,2021-07-26,2021-07-27,1,71.854,71.724,64.33685714,10.46,2.50571429,bullish,direction_flip,-0.1809,-0.1909,False,True,bullish,True,68.2,75.8,1,True,bullish,True,65.8,70.2,1,True,bullish,True,71.3,71.7,1,[V3:balance_aligned] READY (BULLISH),1.0,0.998091,
USOILm,2,2021-10-04,2022-03-29,176,77.328,105.203,71.28492857,7.81,2.01435714,bullish,direction_flip,36.0477,36.0377,True,True,bullish,True,67.5,76.5,1,True,bullish,True,73.0,76.5,1,True,bullish,True,73.0,75.9,2,[V3:balance_aligned] READY (BULLISH),0.998091,1.35778,
USOILm,3,2022-04-07,2022-04-26,19,96.341,101.467,116.13307143,20.54,6.59735714,bearish,direction_flip,-5.3207,-5.3307,False,True,bearish,True,92,126,1,True,bearish,True,100.5,107.0,1,True,bearish,True,97.5,102.0,1,[V3:balance_aligned] READY (BEARISH),1.35778,1.285401,
USOILm,4,2022-05-03,2022-08-30,119,102.502,91.788,88.79285714,13.37,4.56971429,bullish,direction_flip,-10.4525,-10.4625,False,True,bullish,True,92.5,109.0,2,True,bullish,True,95.0,107.0,1,True,bullish,True,100.8,104.0,1,[V3:balance_aligned] READY (BULLISH),1.285401,1.150916,
USOILm,5,2023-02-22,2023-02-28,6,73.986,76.697,81.21257143,9.77,2.40885714,bearish,direction_flip,-3.6642,-3.6742,False,True,bearish,True,74.5,80.5,1,True,bearish,True,75.2,80.8,1,True,bearish,True,76.1,77.0,1,[V3:balance_aligned] READY (BEARISH),1.150916,1.108629,
USOILm,6,2023-03-29,2023-04-25,27,72.92,77.199,62.54835714,14.22,3.45721429,bullish,direction_flip,5.8681,5.8581,True,True,bullish,True,66.0,77.0,1,True,bullish,True,64.2,71.8,2,True,bullish,True,72.8,73.6,1,[V3:balance_aligned] READY (BULLISH),1.108629,1.173574,
USOILm,7,2023-12-06,2024-02-27,83,69.677,78.126,77.38485714,11.06,2.56928571,bearish,direction_flip,-12.126,-12.136,False,True,bearish,True,72.5,82.0,1,True,bearish,True,74.8,77.0,3,True,bearish,True,72.8,74.3,1,[V3:balance_aligned] READY (BEARISH),1.173574,1.031149,
USOILm,8,2024-03-07,2024-05-28,82,78.703,80.011,73.36557143,6.78,1.77914286,bullish,direction_flip,1.6619,1.6519,True,True,bullish,True,71.5,80.5,1,True,bullish,True,75.8,80.2,1,True,bullish,True,77.5,80.0,1,[V3:balance_aligned] READY (BULLISH),1.031149,1.048183,
USOILm,9,2024-06-03,2024-10-01,120,73.997,70.546,79.25728571,7.11,1.75342857,bearish,direction_flip,4.6637,4.6537,True,True,bearish,True,76.8,79.2,1,True,bearish,True,76.5,80.5,1,True,bearish,True,76.9,77.7,1,[V3:balance_aligned] READY (BEARISH),1.048183,1.096963,
USOILm,10,2024-12-02,2025-05-27,176,68.011,60.995,73.20164286,7.63,1.73021429,bearish,direction_flip,10.316,10.306,True,True,bearish,True,66.5,78.0,2,True,bearish,True,68.1,69.3,1,True,bearish,True,67.9,70.1,1,[V3:balance_aligned] READY (BEARISH),1.096963,1.210015,
UKOILm,1,2023-12-05,2024-02-27,84,77.152,82.257,84.92821429,10.08,2.59207143,bearish,direction_flip,-6.6168,-6.6268,False,True,bearish,True,76.5,86.0,1,True,bearish,True,79.8,82.0,2,True,bearish,True,77.9,79.0,1,[V3:balance_aligned] READY (BEARISH),1.0,0.933732,
UKOILm,2,2024-03-07,2024-05-28,82,82.785,84.229,78.01864286,5.76,1.58878571,bullish,direction_flip,1.7443,1.7343,True,True,bullish,True,76.5,84.0,1,True,bullish,True,80.2,84.0,2,True,bullish,True,81.6,83.7,1,[V3:balance_aligned] READY (BULLISH),0.933732,0.949925,
UKOILm,3,2024-06-03,2024-10-01,120,78.068,74.239,83.075,6.41,1.669,bearish,direction_flip,4.9047,4.8947,True,True,bearish,True,81.5,83.8,1,True,bearish,True,80.8,84.8,1,True,bearish,True,81.1,81.9,1,[V3:balance_aligned] READY (BEARISH),0.949925,0.996421,
UKOILm,4,2024-12-06,2026-01-27,417,70.839,66.65,75.50207143,6.58,1.55435714,bearish,direction_flip,5.9134,5.9034,True,True,bearish,True,70.0,81.0,2,True,bearish,True,71.9,73.1,1,True,bearish,True,71.9,72.45,1,[V3:balance_aligned] READY (BEARISH),0.996421,1.055244,
